factual_specificity,count,rate
0,12,0.09090909090909091
1,48,0.36363636363636365
2,72,0.5454545454545454
