factual_specificity,count,rate
0,5,0.03787878787878788
1,30,0.22727272727272727
2,97,0.7348484848484849
