factual_specificity,count,rate
0,2,0.015151515151515152
1,37,0.2803030303030303
2,93,0.7045454545454546
