factual_specificity,count,rate
0,11,0.08333333333333333
1,32,0.24242424242424243
2,89,0.6742424242424242
